{
    "0": {
        "precision": 0.9102564102564102,
        "recall": 0.9466666666666667,
        "f1-score": 0.9281045751633987,
        "support": 150.0
    },
    "1": {
        "precision": 0.8881118881118881,
        "recall": 0.8466666666666667,
        "f1-score": 0.8668941979522184,
        "support": 150.0
    },
    "2": {
        "precision": 0.9403973509933775,
        "recall": 0.9466666666666667,
        "f1-score": 0.9435215946843853,
        "support": 150.0
    },
    "accuracy": 0.9133333333333333,
    "macro avg": {
        "precision": 0.9129218831205587,
        "recall": 0.9133333333333334,
        "f1-score": 0.9128401226000008,
        "support": 450.0
    },
    "weighted avg": {
        "precision": 0.9129218831205587,
        "recall": 0.9133333333333333,
        "f1-score": 0.9128401226000008,
        "support": 450.0
    }
}