{
    "0": {
        "precision": 0.9036144578313253,
        "recall": 1.0,
        "f1-score": 0.9493670886075949,
        "support": 150.0
    },
    "1": {
        "precision": 0.9823008849557522,
        "recall": 0.74,
        "f1-score": 0.844106463878327,
        "support": 150.0
    },
    "2": {
        "precision": 0.8654970760233918,
        "recall": 0.9866666666666667,
        "f1-score": 0.9221183800623053,
        "support": 150.0
    },
    "accuracy": 0.9088888888888889,
    "macro avg": {
        "precision": 0.917137472936823,
        "recall": 0.9088888888888889,
        "f1-score": 0.9051973108494091,
        "support": 450.0
    },
    "weighted avg": {
        "precision": 0.917137472936823,
        "recall": 0.9088888888888889,
        "f1-score": 0.9051973108494091,
        "support": 450.0
    }
}