{
    "1": {
        "0": {
            "precision": 0.4492753623188406,
            "recall": 0.62,
            "f1-score": 0.5210084033613446,
            "support": 50.0
        },
        "1": {
            "precision": 0.4772727272727273,
            "recall": 0.42,
            "f1-score": 0.44680851063829785,
            "support": 50.0
        },
        "2": {
            "precision": 0.7027027027027027,
            "recall": 0.52,
            "f1-score": 0.5977011494252874,
            "support": 50.0
        },
        "accuracy": 0.52,
        "macro avg": {
            "precision": 0.5430835974314235,
            "recall": 0.52,
            "f1-score": 0.5218393544749765,
            "support": 150.0
        },
        "weighted avg": {
            "precision": 0.5430835974314235,
            "recall": 0.52,
            "f1-score": 0.5218393544749766,
            "support": 150.0
        }
    },
    "3": {
        "0": {
            "precision": 0.4659090909090909,
            "recall": 0.82,
            "f1-score": 0.5942028985507246,
            "support": 50.0
        },
        "1": {
            "precision": 0.5384615384615384,
            "recall": 0.28,
            "f1-score": 0.3684210526315789,
            "support": 50.0
        },
        "2": {
            "precision": 0.8055555555555556,
            "recall": 0.58,
            "f1-score": 0.6744186046511628,
            "support": 50.0
        },
        "accuracy": 0.56,
        "macro avg": {
            "precision": 0.6033087283087283,
            "recall": 0.56,
            "f1-score": 0.5456808519444888,
            "support": 150.0
        },
        "weighted avg": {
            "precision": 0.6033087283087283,
            "recall": 0.56,
            "f1-score": 0.5456808519444888,
            "support": 150.0
        }
    },
    "5": {
        "0": {
            "precision": 0.49473684210526314,
            "recall": 0.94,
            "f1-score": 0.6482758620689655,
            "support": 50.0
        },
        "1": {
            "precision": 0.7777777777777778,
            "recall": 0.28,
            "f1-score": 0.4117647058823529,
            "support": 50.0
        },
        "2": {
            "precision": 0.918918918918919,
            "recall": 0.68,
            "f1-score": 0.7816091954022989,
            "support": 50.0
        },
        "accuracy": 0.6333333333333333,
        "macro avg": {
            "precision": 0.7304778462673199,
            "recall": 0.6333333333333333,
            "f1-score": 0.6138832544512057,
            "support": 150.0
        },
        "weighted avg": {
            "precision": 0.73047784626732,
            "recall": 0.6333333333333333,
            "f1-score": 0.6138832544512056,
            "support": 150.0
        }
    },
    "7": {
        "0": {
            "precision": 0.45714285714285713,
            "recall": 0.96,
            "f1-score": 0.6193548387096774,
            "support": 50.0
        },
        "1": {
            "precision": 0.75,
            "recall": 0.12,
            "f1-score": 0.20689655172413793,
            "support": 50.0
        },
        "2": {
            "precision": 0.8918918918918919,
            "recall": 0.66,
            "f1-score": 0.7586206896551724,
            "support": 50.0
        },
        "accuracy": 0.58,
        "macro avg": {
            "precision": 0.6996782496782497,
            "recall": 0.5800000000000001,
            "f1-score": 0.528290693362996,
            "support": 150.0
        },
        "weighted avg": {
            "precision": 0.6996782496782498,
            "recall": 0.58,
            "f1-score": 0.528290693362996,
            "support": 150.0
        }
    },
    "9": {
        "0": {
            "precision": 0.4336283185840708,
            "recall": 0.98,
            "f1-score": 0.6012269938650306,
            "support": 50.0
        },
        "1": {
            "precision": 0.8571428571428571,
            "recall": 0.12,
            "f1-score": 0.21052631578947367,
            "support": 50.0
        },
        "2": {
            "precision": 0.9666666666666667,
            "recall": 0.58,
            "f1-score": 0.725,
            "support": 50.0
        },
        "accuracy": 0.56,
        "macro avg": {
            "precision": 0.752479280797865,
            "recall": 0.56,
            "f1-score": 0.5122511032181681,
            "support": 150.0
        },
        "weighted avg": {
            "precision": 0.7524792807978649,
            "recall": 0.56,
            "f1-score": 0.5122511032181681,
            "support": 150.0
        }
    },
    "15": {
        "0": {
            "precision": 0.4132231404958678,
            "recall": 1.0,
            "f1-score": 0.5847953216374269,
            "support": 50.0
        },
        "1": {
            "precision": 1.0,
            "recall": 0.04,
            "f1-score": 0.07692307692307693,
            "support": 50.0
        },
        "2": {
            "precision": 0.9629629629629629,
            "recall": 0.52,
            "f1-score": 0.6753246753246753,
            "support": 50.0
        },
        "accuracy": 0.52,
        "macro avg": {
            "precision": 0.7920620344862769,
            "recall": 0.52,
            "f1-score": 0.44568102462839304,
            "support": 150.0
        },
        "weighted avg": {
            "precision": 0.792062034486277,
            "recall": 0.52,
            "f1-score": 0.44568102462839304,
            "support": 150.0
        }
    },
    "25": {
        "0": {
            "precision": 0.36231884057971014,
            "recall": 1.0,
            "f1-score": 0.5319148936170213,
            "support": 50.0
        },
        "1": {
            "precision": 0.0,
            "recall": 0.0,
            "f1-score": 0.0,
            "support": 50.0
        },
        "2": {
            "precision": 0.9166666666666666,
            "recall": 0.22,
            "f1-score": 0.3548387096774194,
            "support": 50.0
        },
        "accuracy": 0.4066666666666667,
        "macro avg": {
            "precision": 0.4263285024154589,
            "recall": 0.4066666666666667,
            "f1-score": 0.2955845344314802,
            "support": 150.0
        },
        "weighted avg": {
            "precision": 0.4263285024154589,
            "recall": 0.4066666666666667,
            "f1-score": 0.2955845344314802,
            "support": 150.0
        }
    },
    "35": {
        "0": {
            "precision": 0.3448275862068966,
            "recall": 1.0,
            "f1-score": 0.5128205128205128,
            "support": 50.0
        },
        "1": {
            "precision": 0.0,
            "recall": 0.0,
            "f1-score": 0.0,
            "support": 50.0
        },
        "2": {
            "precision": 1.0,
            "recall": 0.1,
            "f1-score": 0.18181818181818182,
            "support": 50.0
        },
        "accuracy": 0.36666666666666664,
        "macro avg": {
            "precision": 0.4482758620689655,
            "recall": 0.3666666666666667,
            "f1-score": 0.23154623154623155,
            "support": 150.0
        },
        "weighted avg": {
            "precision": 0.4482758620689655,
            "recall": 0.36666666666666664,
            "f1-score": 0.23154623154623152,
            "support": 150.0
        }
    },
    "45": {
        "0": {
            "precision": 0.33557046979865773,
            "recall": 1.0,
            "f1-score": 0.5025125628140703,
            "support": 50.0
        },
        "1": {
            "precision": 0.0,
            "recall": 0.0,
            "f1-score": 0.0,
            "support": 50.0
        },