{
    "0": {
        "precision": 0.9933774834437086,
        "recall": 1.0,
        "f1-score": 0.9966777408637874,
        "support": 150.0
    },
    "1": {
        "precision": 1.0,
        "recall": 1.0,
        "f1-score": 1.0,
        "support": 150.0
    },
    "2": {
        "precision": 1.0,
        "recall": 0.9933333333333333,
        "f1-score": 0.9966555183946488,
        "support": 150.0
    },
    "accuracy": 0.9977777777777778,
    "macro avg": {
        "precision": 0.9977924944812363,
        "recall": 0.9977777777777778,
        "f1-score": 0.9977777530861452,
        "support": 450.0
    },
    "weighted avg": {
        "precision": 0.9977924944812362,
        "recall": 0.9977777777777778,
        "f1-score": 0.9977777530861454,
        "support": 450.0
    }
}