{
    "0": {
        "precision": 0.0,
        "recall": 0.0,
        "f1-score": 0.0,
        "support": 50.0
    },
    "1": {
        "precision": 0.4520547945205479,
        "recall": 0.66,
        "f1-score": 0.5365853658536586,
        "support": 50.0
    },
    "2": {
        "precision": 0.5844155844155844,
        "recall": 0.9,
        "f1-score": 0.7086614173228346,
        "support": 50.0
    },
    "accuracy": 0.52,
    "macro avg": {
        "precision": 0.34549012631204407,
        "recall": 0.52,
        "f1-score": 0.4150822610588311,
        "support": 150.0
    },
    "weighted avg": {
        "precision": 0.3454901263120441,
        "recall": 0.52,
        "f1-score": 0.41508226105883106,
        "support": 150.0
    }
}