{
    "0": {
        "precision": 1.0,
        "recall": 1.0,
        "f1-score": 1.0,
        "support": 150.0
    },
    "1": {
        "precision": 0.974025974025974,
        "recall": 1.0,
        "f1-score": 0.9868421052631579,
        "support": 150.0
    },
    "2": {
        "precision": 1.0,
        "recall": 0.9733333333333334,
        "f1-score": 0.9864864864864865,
        "support": 150.0
    },
    "accuracy": 0.9911111111111112,
    "macro avg": {
        "precision": 0.9913419913419913,
        "recall": 0.9911111111111112,
        "f1-score": 0.9911095305832148,
        "support": 450.0
    },
    "weighted avg": {
        "precision": 0.9913419913419913,
        "recall": 0.9911111111111112,
        "f1-score": 0.9911095305832147,
        "support": 450.0
    }
}