{
    "0": {
        "precision": 0.5161290322580645,
        "recall": 0.32,
        "f1-score": 0.3950617283950617,
        "support": 50.0
    },
    "1": {
        "precision": 0.5272727272727272,
        "recall": 0.58,
        "f1-score": 0.5523809523809524,
        "support": 50.0
    },
    "2": {
        "precision": 0.640625,
        "recall": 0.82,
        "f1-score": 0.7192982456140351,
        "support": 50.0
    },
    "accuracy": 0.5733333333333334,
    "macro avg": {
        "precision": 0.5613422531769307,
        "recall": 0.5733333333333333,
        "f1-score": 0.5555803087966831,
        "support": 150.0
    },
    "weighted avg": {
        "precision": 0.5613422531769305,
        "recall": 0.5733333333333334,
        "f1-score": 0.5555803087966831,
        "support": 150.0
    }
}